e_name,e_mut,rgb_rgb_limb_i_sum_norm,rgb_rgb_post_i_sum_norm,rgb_rgb_zpa_i_sum_norm,g_rgb_limb_i_sum_norm,g_rgb_post_i_sum_norm,g_rgb_zpa_i_sum_norm,g_r_limb_i_sum_norm,g_r_post_i_sum_norm,g_r_zpa_i_sum_norm,rgb_rgb_limb_i_mean_norm,rgb_rgb_post_i_mean_norm,rgb_rgb_zpa_i_mean_norm,g_rgb_limb_i_mean_norm,g_rgb_post_i_mean_norm,g_rgb_zpa_i_mean_norm,g_r_limb_i_mean_norm,g_r_post_i_mean_norm,g_r_zpa_i_mean_norm,rgb_rgb_limb_i_sum_norm_bg_sub,rgb_rgb_post_i_sum_norm_bg_sub,rgb_rgb_zpa_i_sum_norm_bg_sub,g_rgb_limb_i_sum_norm_bg_sub,g_rgb_post_i_sum_norm_bg_sub,g_rgb_zpa_i_sum_norm_bg_sub,g_r_limb_i_sum_norm_bg_sub,g_r_post_i_sum_norm_bg_sub,g_r_zpa_i_sum_norm_bg_sub,rgb_rgb_limb_i_mean_norm_bg_sub,rgb_rgb_post_i_mean_norm_bg_sub,rgb_rgb_zpa_i_mean_norm_bg_sub,g_rgb_limb_i_mean_norm_bg_sub,g_rgb_post_i_mean_norm_bg_sub,g_rgb_zpa_i_mean_norm_bg_sub,g_r_limb_i_mean_norm_bg_sub,g_r_post_i_mean_norm_bg_sub,g_r_zpa_i_mean_norm_bg_sub,rfp_rgb_bg_i_mean,rfp_r_bg_i_mean,gfp_rgb_bg_i_mean,gfp_g_bg_i_mean,rfp_r_percent,rfp_g_percent,rfp_b_percent,gfp_r_percent,gfp_g_percent,gfp_b_percent,rfp_rgb_limb_pixel_ct,rfp_rgb_limb_i_sum,rfp_rgb_limb_i_mean,rfp_rgb_limb_i_sum_bg_sub,rfp_rgb_limb_i_mean_bg_sub,rfp_rgb_post_pixel_ct,rfp_rgb_post_i_sum,rfp_rgb_post_i_mean,rfp_rgb_post_i_sum_bg_sub,rfp_rgb_post_i_mean_bg_sub,rfp_rgb_zpa_pixel_ct,rfp_rgb_zpa_i_sum,rfp_rgb_zpa_i_mean,rfp_rgb_zpa_i_sum_bg_sub,rfp_rgb_zpa_i_mean_bg_sub,rfp_r_limb_pixel_ct,rfp_r_limb_i_sum,rfp_r_limb_i_mean,rfp_r_limb_i_sum_bg_sub,rfp_r_limb_i_mean_bg_sub,rfp_r_post_pixel_ct,rfp_r_post_i_sum,rfp_r_post_i_mean,rfp_r_post_i_sum_bg_sub,rfp_r_post_i_mean_bg_sub,rfp_r_zpa_pixel_ct,rfp_r_zpa_i_sum,rfp_r_zpa_i_mean,rfp_r_zpa_i_sum_bg_sub,rfp_r_zpa_i_mean_bg_sub,gfp_rgb_limb_pixel_ct,gfp_rgb_limb_i_sum,gfp_rgb_limb_i_mean,gfp_rgb_limb_i_sum_bg_sub,gfp_rgb_limb_i_mean_bg_sub,gfp_rgb_post_pixel_ct,gfp_rgb_post_i_sum,gfp_rgb_post_i_mean,gfp_rgb_post_i_sum_bg_sub,gfp_rgb_post_i_mean_bg_sub,gfp_rgb_zpa_pixel_ct,gfp_rgb_zpa_i_sum,gfp_rgb_zpa_i_mean,gfp_rgb_zpa_i_sum_bg_sub,gfp_rgb_zpa_i_mean_bg_sub,gfp_g_limb_pixel_ct,gfp_g_limb_i_sum,gfp_g_limb_i_mean,gfp_g_limb_i_sum_bg_sub,gfp_g_limb_i_mean_bg_sub,gfp_g_post_pixel_ct,gfp_g_post_i_sum,gfp_g_post_i_mean,gfp_g_post_i_sum_bg_sub,gfp_g_post_i_mean_bg_sub,gfp_g_zpa_pixel_ct,gfp_g_zpa_i_sum,gfp_g_zpa_i_mean,gfp_g_zpa_i_sum_bg_sub,gfp_g_zpa_i_mean_bg_sub
2021-01-20_E33,Empty_TK,0.553064162,0.564520115,0.553704148,0.341174728,0.329236582,0.322338917,0.460487032,0.432359331,0.419007249,0.624493148,0.602703756,0.599113961,0.344261062,0.330783952,0.3238766,0.460593028,0.432842916,0.419149514,0.305067334,0.321814655,0.326989755,0.17093093,0.170965768,0.170337072,0.175641151,0.175019774,0.174609351,0.344467194,0.343581913,0.353806501,0.172477205,0.171769286,0.171149647,0.175681581,0.17521553,0.174668636,8.753455911,2.868064897,9.857557478,5.707214991,70.0704049,14.62250744,15.30708766,37.36406478,33.61962454,29.01631068,131510,3213374,24.43444605,2062207.013,15.68099014,88929,2350887,26.43554971,1572450.919,17.6820938,59186,1631131,27.55940594,1113048.958,18.80595003,130361,2380788,18.26303879,2006904.192,15.3949739,88612,1790173,20.20237665,1536028.033,17.33431176,58925,1254816,21.29513789,1085815.276,18.42707299,116468,1777202,15.25914414,629111.9957,5.401586665,83295,1327123,15.93280509,506037.7499,6.075247613,54700,903164,16.51122486,363955.606,6.653667385,130331,1096322,8.411828345,352494.963,2.704613354,88513,773998,8.744455617,268835.2795,3.037240626,58905,525777,8.925846702,189593.501,3.218631712
2022-01-31_E35,Empty_TK,0.572597417,0.574341654,0.56543524,0.270072799,0.276522354,0.280581664,0.31663425,0.323780029,0.328483833,0.649704418,0.644462703,0.655777358,0.330087243,0.325962387,0.339758805,0.389661825,0.383052677,0.399450957,0.496656715,0.501579047,0.495519647,0.226359013,0.233437205,0.239993117,0.238800851,0.247451601,0.253900316,0.563537404,0.562816551,0.574691037,0.276659562,0.275173951,0.290609776,0.293877164,0.29275122,0.308754082,10.6851551,4.017527885,11.54201933,6.379146576,82.21670386,7.400375505,10.38292063,50.60094737,30.40431199,18.99474063,169228,10842073,64.06784338,9033845.572,53.38268828,134644,9116706,67.70970856,7678013.976,57.02455346,59653,3973631,66.61242519,3336229.443,55.92727009,170394,9247733,54.27264458,8563170.354,50.25511669,135132,7786067,57.61823254,7243170.422,53.60070466,59906,3394164,56.65816446,3153489.975,52.64063657,149144,6208143,41.62516092,4486720.069,30.08314159,119994,5236104,43.63638182,3851130.933,32.09436249,51435,2246831,43.68292019,1653167.236,32.14090086,138460,2928149,21.14797776,2044892.365,14.76883118,114222,2520973,22.07081823,1792334.12,15.69167165,49263,1114928,22.63215801,800672.1022,16.25301143
2022-01-31_E39,Empty_TK,0.461447189,0.496814872,0.469037804,0.238626656,0.250483481,0.236060678,0.294697687,0.307047438,0.288820761,0.61399445,0.592009435,0.59617925,0.313622557,0.30325516,0.30576887,0.387718265,0.371275575,0.37374932,0.332680511,0.356709555,0.340119201,0.161126391,0.169171837,0.161478502,0.167026698,0.175700954,0.167650941,0.442659513,0.425058577,0.432314854,0.211765407,0.204812838,0.209162743,0.219748253,0.212454054,0.216949173,9.755209734,3.166944312,11.21889163,6.168196304,76.52871978,9.874026738,13.59725348,41.01304275,30.50295783,28.48399942,153926,6199496,40.27582085,4697915.586,30.52061111,130803,5541064,42.36190301,4265053.301,32.60669328,63467,2711807,42.72782706,2092673.104,32.97261733,154086,5019941,32.57882611,4531959.219,29.4118818,130641,4520295,34.60089099,4106562.228,31.43394668,63406,2216430,34.95615557,2015626.729,31.78921126,115683,2860740,24.72913047,1562904.96,13.51023884,109770,2752883,25.07864626,1521385.266,13.85975464,49932,1271940,25.47344388,711758.3034,14.25455226,117118,1479365,12.63140593,756958.1853,6.463209628,108041,1387945,12.84646569,721526.9031,6.67826939,48998,640151,13.06483938,337921.7175,6.896643077
2022-01-31_E40,Empty_TK,0.708536697,0.716085233,0.758892914,0.387991879,0.390139244,0.424395069,0.516243777,0.518149139,0.588085915,0.762499325,0.762826192,0.808711311,0.411230929,0.409943157,0.444406728,0.548142346,0.545352221,0.619580434,0.512460357,0.52059487,0.540747894,0.274731074,0.276704988,0.3021012,0.284825853,0.287036372,0.312848249,0.55148968,0.554575606,0.576245911,0.291186287,0.290750849,0.316346291,0.302425168,0.302105921,0.329602613,9.429624609,3.006125448,11.22767109,6.174761501,71.49941711,11.9715912,16.52899169,40.33159884,31.49000829,28.17839287,138221,3948178,28.56424132,2644805.857,19.13461671,75514,2175026,28.80295045,1462957.327,19.37332584,29447,733927,24.92365946,456252.8441,15.49403485,138468,2967321,21.42965162,2551068.822,18.42352617,75639,1637681,21.65127778,1410300.677,18.64515233,29627,529642,17.87700408,440579.5214,14.87087864,128439,2797429,21.78021473,1355358.153,10.55254364,70887,1557504,21.97164501,761608.0796,10.74397392,27633,556972,20.15604531,246717.7648,8.92837422,130410,1531861,11.7464995,726610.3527,5.571738001,71866,848563,11.80757243,404807.59,5.632810926,28121,311475,11.07624195,137834.5318,4.901480454
2023-01-30_E21,Empty_TK,0.468950979,0.496342776,0.48062265,0.300979487,0.296455511,0.285668908,0.379964599,0.368843098,0.352793872,0.652328489,0.632438361,0.632317386,0.315410101,0.311755348,0.312406211,0.384318363,0.380099427,0.379118011,0.338816488,0.355201694,0.349279537,0.187156579,0.186656392,0.184426207,0.19608973,0.194131728,0.191541281,0.471306507,0.452596851,0.459519592,0.196129896,0.196289582,0.201687657,0.198336593,0.200056227,0.205833364,9.403079279,3.001008836,11.21029324,6.310799205,76.38117053,11.57706204,12.04176744,41.92723792,32.39597293,25.67678915,119077,4458965,37.44606431,3339274.529,28.04298503,108545,4197446,38.67009996,3176788.76,29.26702068,59695,2380021,39.86968758,1818704.182,30.4666083,114931,3532058,30.73198702,3187149.053,27.73097818,106368,3373673,31.71699195,3054461.692,28.71598312,58659,1927182,32.8539866,1751145.823,29.85297776,85603,2091036,24.42713456,1131401.268,13.21684133,85187,2083372,24.45645462,1128400.75,13.24616139,45374,1143892,25.21029665,635236.1548,14.00000341,113629,1342057,11.81086694,624967.1971,5.500067739,103218,1244356,12.05561046,592967.9276,5.74481125,54586,679898,12.45553805,335416.7146,6.144738845
2023-01-30_E22,Empty_TK,0.485905696,0.522555447,0.535474796,0.245065468,0.260991474,0.278862182,0.294833522,0.311491628,0.33355447,0.605968011,0.594017347,0.622972104,0.296891391,0.291300883,0.316681246,0.35842778,0.348241884,0.379534287,0.359721287,0.39183731,0.411617967,0.162473299,0.176803762,0.200265553,0.166752096,0.181876691,0.20591137,0.448604728,0.445422894,0.478876902,0.196832806,0.1973363,0.227425405,0.202719769,0.203334779,0.234295841,9.54956232,3.030394429,11.16990357,6.258044823,81.39013807,9.184812858,9.42504907,47.38256503,30.35834402,22.25909095,170335,7453543,43.75814131,5826918.302,34.20857899,122491,5701328,46.54487268,4531592.562,36.99531036,57066,2612545,45.7811131,2067589.677,36.23155078,170928,6195381,36.24555953,5677401.741,33.2151651,122694,4777008,38.93432442,4405196.786,35.90392999,57178,2184171,38.19949981,2010899.107,35.16910538,136586,3621719,26.51603385,2096066.552,15.34613029,107755,2979260,27.64846179,1775647.041,16.47855822,49051,1398952,28.52035636,851057.0602,17.3504528,140601,1826606,12.99141542,946718.6398,6.7333706,109746,1487998,13.5585625,801202.6128,7.300517675,50251,728540,14.49801994,414066.9896,8.239975117
2023-01-30_E23,Empty_TK,0.505396405,0.554450157,0.562785829,0.32856787,0.326223244,0.336305929,0.413435792,0.407692411,0.423080389,0.652617517,0.639328309,0.647149689,0.328623626,0.32622763,0.336312457,0.420166814,0.411650217,0.428303502,0.346472685,0.383977339,0.384707645,0.199631278,0.204957272,0.212087926,0.202626376,0.208968811,0.215646192,0.447399588,0.442758614,0.442376868,0.199665154,0.204960028,0.212092043,0.205925275,0.210997444,0.218308439,9.613776049,3.079667032,11.13384413,6.213154192,76.40390955,11.60867081,11.98741964,41.98163074,32.51982764,25.49854163,100197,3336017,33.29457968,2372745.481,23.68080363,74374,2602077,34.98637965,1887062.02,25.3726036,51518,1731147,33.6027602,1235864.486,23.98898415,101811,2651217,26.04057518,2337673.02,22.96090815,75095,2082104,27.72626673,1850836.404,24.6465997,52153,1376086,26.38555788,1215472.125,23.30589085,77594,1686011,21.72862592,822091.4984,10.59478179,64500,1442722,22.36778295,724589.0535,11.23393881,44802,974265,21.7460158,475446.5152,10.61217167,100180,1096108,10.94138551,473674.2131,4.728231315,74373,848858,11.41352373,386767.0833,5.200369533,51517,582195,11.30102685,262111.9355,5.087872654
2023-01-30_E26,Empty_TK,0.514606115,0.550548812,0.57410599,0.335571488,0.333225979,0.341053072,0.436859563,0.431251099,0.442154179,0.655905191,0.645006834,0.660537869,0.337404308,0.33502052,0.342065609,0.441973399,0.435172957,0.445459347,0.316270213,0.339255379,0.362852046,0.17838197,0.181243768,0.190330456,0.183195616,0.186378029,0.195737752,0.403110784,0.397461648,0.417479562,0.179356255,0.182219831,0.19089552,0.185340086,0.188072977,0.197200921,9.338958674,3.000610475,11.23405004,6.344908222,72.72934639,13.35260456,13.91804905,39.67866399,32.25618894,28.06514707,69402,2050648,29.54739057,1402505.59,20.20843189,59367,1803989,30.38706689,1249563.04,21.04810822,37837,1141878,30.17887253,788519.8207,20.83991386,69833,1575195,22.55659932,1365653.369,19.55598884,59586,1393935,23.3936663,1215140.624,20.39305582,38007,880781,23.17417844,766736.7977,20.17356797,54451,1055276,19.38028686,443570.7414,8.146236825,50673,993184,19.59986581,423920.9824,8.365815768,32886,655559,19.93428815,286116.0304,8.700238109,69025,688139,9.969416878,250181.71,3.624508656,59049,601136,10.18029094,226475.5144,3.835382723,37725,389441,10.32315441,150079.3373,3.978246185
2023-01-30_E28,Empty_TK,0.459565627,0.477615783,0.369528211,0.348865645,0.337481219,0.361932285,0.449554206,0.429543726,0.473418895,0.686199304,0.672208461,0.703604233,0.349163648,0.337864321,0.36237308,0.456905754,0.435913674,0.487653878,0.3077597,0.324531613,0.236755383,0.204585367,0.199364525,0.202198718,0.207856708,0.20291772,0.202831869,0.45953065,0.456753951,0.450796678,0.204760125,0.19959084,0.202444975,0.211255783,0.205926902,0.208930713,9.480030213,3.016803592,11.17845022,6.287270037,74.08490981,12.75851849,13.1565717,39.67017289,33.537895,26.79193211,138258,4161175,30.0971734,2850484.983,20.61714319,97011,3083579,31.78586964,2163911.789,22.30583943,36994,1010410,27.31280748,659705.7623,17.83277727,140399,3229179,23.00001425,2805622.792,19.98321065,98338,2422687,24.63632573,2126020.568,21.61952214,38060,772466,20.29600631,657646.4553,17.27920271,92595,1912333,20.65265943,877264.4018,9.47420921,68928,1472766,21.3667305,702257.7832,10.18828028,19429,373375,19.21740697,156188.8907,8.038956749,138140,1451691,10.50883886,583167.5171,4.221568822,96901,1040650,10.73931126,431407.2461,4.452041219,36949,365700,9.897426182,133391.6594,3.610156145
2021-07-19_E28,hZRS_WT,0.630308922,0.857773952,1.05484747,0.366466907,0.549614823,0.715778137,0.475647052,0.711257424,0.935060248,0.97609269,1.034760601,1.136279618,0.624891544,0.663111252,0.752912747,0.801076122,0.848623024,0.972296504,0.555792487,0.784343573,1.011621966,0.346153861,0.535048264,0.737522544,0.358020548,0.552744266,0.761916371,0.860696978,0.946179147,1.08971719,0.590254171,0.645536673,0.775785255,0.602971702,0.659496119,0.792257638,8.982492809,2.964059558,11.1139623,6.317328187,77.97360491,10.5363846,11.49001049,39.40611899,37.89461338,22.69926764,159499,4675620,29.31441576,3242921.379,20.33192296,85991,2538445,29.51989162,1766031.461,20.53739881,46410,1321246,28.46899375,904368.5087,19.48650094,157535,3602377,22.86715333,3135433.878,19.90309377,85038,1961550,23.06674663,1709492.303,20.10268707,45878,1011399,22.04540303,875413.8756,19.08134347,102996,2947085,28.61358694,1802391.339,17.49962464,71283,2177412,30.54602079,1385175.426,19.43205849,43084,1393713,32.34873735,914879.0485,21.23477505,93538,1713460,18.31833052,1122549.756,12.00100233,71273,1395167,19.57497229,944912.0681,13.2576441,44121,945719,21.4346683,666992.163,15.11734011
2021-07-19_E29,hZRS_WT,0.525981486,0.794189657,0.794872697,0.226001115,0.369098318,0.369981381,0.289942031,0.457592526,0.458655834,0.959553748,0.876018667,0.876216501,0.723630708,0.639929297,0.639698746,0.912513534,0.791162963,0.790817612,0.463356238,0.681048797,0.681775334,0.227354728,0.354884806,0.355690528,0.236467863,0.366621584,0.367455044,0.845305826,0.751220384,0.751545247,0.727964829,0.615286425,0.614989824,0.744218163,0.63387709,0.633568569,8.960453614,2.959806924,11.15626099,6.387010326,79.97551144,9.51338125,10.51110731,40.65328706,36.73727684,22.60943609,187032,5863887,31.35231939,4187995.44,22.39186577,101231,3589358,35.45710306,2682282.32,26.49664945,100953,3580791,35.46988202,2676206.326,26.50942841,183839,4570724,24.86264612,4026596.055,21.9028392,100951,2895209,28.67934939,2596413.531,25.71954246,100673,2888497,28.69187369,2590524.358,25.73206677,102522,3084296,30.08423558,1940533.81,18.92797458,91775,2850631,31.06108417,1826765.147,19.90482318,91581,2846273,31.07929592,1824571.462,19.92303493,58413,1325245,22.68750107,952160.5658,16.30049074,58388,1324826,22.69003905,951901.2411,16.30302872,58388,1324826,22.69003905,951901.2411,16.30302872
2022-03-02_E11,hZRS_WT,0.898489057,1.07455961,1.19880066,0.532113172,0.682568093,0.799867305,0.646622111,0.82583904,0.968145134,1.139886929,1.204442742,1.308496911,0.73879703,0.788537569,0.889345529,0.887952661,0.94746898,1.065881497,0.882707249,1.073517981,1.224687922,0.543585505,0.708502999,0.852005957,0.562803119,0.732041829,0.882499455,1.119865008,1.203275211,1.336752986,0.754725455,0.818498898,0.947316741,0.772850972,0.839857274,0.9715897,9.332134801,3.142064855,11.27796287,6.385096124,83.63014999,8.058520343,8.311329671,44.77336534,40.86689161,14.35974305,238807,9866621,41.31629726,7638041.885,31.98416246,143198,5989798,41.82878252,4653454.961,32.49664772,74266,3145563,42.35535777,2452502.677,33.02322297,236192,8119362,34.37610927,7377231.418,31.23404441,142210,4950656,34.81229168,4503822.957,31.67022683,73537,2598818,35.34027768,2367759.977,32.19821283,188234,8865051,47.09590722,6742154.936,35.81794435,127756,6436395,50.38037352,4995567.575,39.10241065,68040,3770903,55.42185479,3003550.406,44.14389192,171999,5250159,30.5243577,4151928.852,24.13926158,123954,4088445,32.98356648,3296986.795,26.59847036,66794,2516033,37.66854807,2089546.889,31.28345195
2022-03-02_E12,hZRS_WT,0.847821747,0.847821747,1.020964292,0.662627382,0.662627382,0.80633295,1.018832858,1.018832858,1.218006324,1.470975083,1.470975083,1.483600961,1.139539671,1.139539671,1.154488884,1.693809363,1.693809363,1.709111485,0.979584738,0.979584738,1.180106738,0.896469961,0.896469961,1.086277499,0.960459583,0.960459583,1.153930561,1.699584548,1.699584548,1.714856734,1.541685585,1.541685585,1.555307021,1.596763808,1.596763808,1.619200112,9.104768951,3.000481137,10.9525433,6.082445212,56.41272257,21.25721569,22.33006173,28.18280654,42.440739,29.37645446,82817,1638079,19.77950179,884049.3498,10.67473284,82817,1638079,19.77950179,884049.3498,10.67473284,60683,1223032,20.15444194,670527.3058,11.04967299,80061,1065372,13.30700341,825150.4797,10.30652227,80061,1065372,13.30700341,825150.4797,10.30652227,59472,809660,13.61413775,631215.3858,10.61365661,47733,1388799,29.0951543,866001.2505,18.14261099,47733,1388799,29.0951543,866001.2505,18.14261099,41760,1248672,29.90114943,791293.7917,18.94860612,48157,1085436,22.53952696,792523.6859,16.45708175,48157,1085436,22.53952696,792523.6859,16.45708175,42383,986171,23.26807918,728378.7246,17.18563397
2022-03-14_E04,hZRS_WT,0.874768418,0.896066474,1.056914206,0.498768665,0.515781318,0.759881784,0.736146737,0.74983068,1.092318275,1.001339694,0.993711548,1.091303544,0.7890442,0.780627972,0.807988165,1.114183497,1.103745409,1.13631439,0.734222153,0.748894297,0.967605092,0.547393464,0.561760891,0.841006404,0.585659078,0.595263348,0.886809523,0.840457624,0.830501902,0.999088536,0.865967868,0.850217426,0.894248599,0.886415231,0.8762234,0.92252821,9.04687209,2.999596465,11.09865902,6.163141775,60.78134686,19.87768434,19.34096879,29.57936463,39.29593548,31.1246999,83456,1813073,21.72489695,1058057.243,12.67802486,79735,1751533,21.96692795,1030180.654,12.92005586,43031,961289,22.33945295,571993.0471,13.29258086,79845,1228429,15.38517127,988926.2202,12.3855748,77549,1204816,15.53619002,972200.2937,12.53659356,42099,668730,15.88470035,542449.9884,12.88510388,72907,1586019,21.75400167,776849.0666,10.65534265,71900,1569490,21.82878999,771496.4162,10.73013096,41675,1016000,24.37912418,553463.3852,13.28046515,52754,904304,17.14190393,579173.6188,10.97876216,52683,903408,17.14799841,578715.2019,10.98485663,40469,730466,18.05001359,481049.8155,11.88687182
2022-03-14_E10,hZRS_WT,1.150864046,1.145554471,1.200160596,0.724753167,0.725166669,0.790239069,1.360533553,1.315565587,1.414419874,1.160934793,1.155965126,1.205384895,0.726833515,0.727198248,0.791130574,1.210825144,1.210234989,1.300881686,1.06199872,1.053161395,1.175968001,0.780313281,0.779213103,0.927535389,0.881469763,0.86275088,1.02138686,1.071291843,1.062732393,1.181086989,0.78255311,0.781396095,0.928581784,0.784475878,0.793674836,0.939398184,9.307457112,3.000584608,11.38898661,6.402199781,53.32248683,23.05110605,23.62640712,33.48614619,36.3470812,30.16677261,90839,1436903,15.81812878,591422.9034,6.510671666,81612,1310980,16.06356908,551379.8102,6.756111971,34609,564147,16.30058655,242025.2168,6.993129441,80612,765435,9.495298467,523551.8736,6.494713859,74868,722639,9.652174494,497991.2316,6.651589886,31795,315190,9.913193898,219786.4124,6.912609291,90051,1653680,18.36381606,628090.3667,6.974829449,80877,1501799,18.56892565,580691.9299,7.179939042,34459,677067,19.6484808,284613.9104,8.259494192,90579,1041400,11.49714614,461495.1461,5.094946357,81384,950679,11.68139929,429642.3731,5.279199512,34570,445811,12.89589239,224486.9536,6.493692612
2022-03-28_E04,hZRS_WT,0.918965038,0.918965038,0.994521519,0.582399868,0.582399868,0.643951158,0.886946641,0.886946641,0.994649702,0.920284505,0.920284505,0.995689093,0.582399868,0.582399868,0.643951158,0.927676378,0.927676378,1.053424873,0.635659987,0.635659987,0.765341839,0.496498953,0.496498953,0.616499785,0.509609936,0.509609936,0.628231158,0.63657268,0.63657268,0.766240355,0.496498953,0.496498953,0.616499785,0.533011883,0.533011883,0.665354171,9.354970718,3.000770854,11.29258842,6.260786789,53.83587025,23.4226231,22.74150665,31.02519891,35.51055323,33.46424785,73234,1377751,18.8129967,692649.0744,9.458025978,73234,1377751,18.8129967,692649.0744,9.458025978,43492,781786,17.97539777,374919.6135,8.620427056,76597,904679,11.81089338,674828.9549,8.810122523,76597,904679,11.81089338,674828.9549,8.810122523,46062,506140,10.98823325,367918.4929,7.987462396,73129,1266105,17.31330936,440289.3018,6.020720942,73129,1266105,17.31330936,440289.3018,6.020720942,43441,777503,17.89790751,286941.6666,6.605319091,73234,802402,10.95668678,343899.5403,4.695899996,73234,802402,10.95668678,343899.5403,4.695899996,43492,503432,11.57527821,231137.861,5.314491423
2022-03-28_E06,hZRS_WT,0.651951686,0.83570104,1.165958913,0.365993268,0.479324208,0.743916865,0.473324658,0.60313773,0.960726511,1.04021771,0.978114284,1.187421096,0.666969064,0.620775839,0.76790301,0.819811774,0.757628124,0.959975657,0.616371496,0.773047996,1.166518701,0.365737096,0.466417999,0.783470946,0.386272099,0.487280749,0.82053481,0.983447944,0.904784427,1.187991188,0.666502228,0.604060925,0.808732435,0.669034264,0.612095018,0.819893522,9.790358628,3.372095069,11.61164456,6.541605447,79.64380959,10.34967086,10.00651955,41.76787758,37.91954324,20.31257918,191143,6677866,34.93649257,4806507.481,25.14613395,135687,5094944,37.54924201,3766519.609,27.75888338,62076,2092301,33.70547394,1484554.698,23.91511531,181669,5163589,28.42306062,4550983.861,25.05096555,131605,4049042,30.76662741,3605257.428,27.39453234,60090,1620126,26.96165751,1417496.807,23.58956245,119798,4353646,36.34155829,2962594.205,24.72991373,115931,4257850,36.72744995,2911700.435,25.11580539,60954,2439537,40.02259081,1731760.818,28.41094625,104888,2444054,23.30155976,1757918.088,16.75995431,104769,2442130,23.30966221,1756772.539,16.76805676,60137,1556498,25.88253488,1163105.473,19.34092943
2022-03-14_E14,hZRS_THH,0.739593799,0.710480322,0.70288386,0.399354034,0.375539907,0.369156928,0.51664945,0.476227487,0.46475008,0.777103585,0.757212424,0.750531759,0.418271693,0.402393103,0.398420119,0.546723529,0.510644331,0.502064837,0.549875508,0.542117557,0.539121467,0.285687075,0.274086133,0.271025688,0.294759796,0.284049048,0.280612406,0.577763401,0.577775538,0.575668053,0.299220257,0.293684819,0.292509983,0.311917715,0.304577203,0.30314276,9.050922956,3.00008795,11.06086646,6.190996006,77.57280085,11.31770637,11.10949278,44.4513506,32.21884813,23.32980127,126293,3694624,29.25438465,2551555.787,20.20346169,78521,2551830,32.49869462,1841142.479,23.44777166,58218,1947841,33.45771067,1420914.367,24.40678772,127600,2855830,22.38111285,2473018.778,19.3810249,78577,2012303,25.60931316,1776565.089,22.60922521,58273,1547195,26.55080397,1372370.875,23.55071602,120197,2732521,22.7336872,1403038.034,11.67282074,73675,1813025,24.60841534,998115.6635,13.54754888,54522,1369106,25.11107443,766045.4388,14.05020797,120581,1475463,12.23628101,728946.5106,6.045285,73281,958314,13.07725058,504631.6217,6.886254577,53942,719059,13.33022506,385104.2934,7.13922905
2023-02-13_E14,hZRS_THH,0.5416431,0.542623663,0.542697982,0.335641589,0.336249217,0.323881229,0.410983416,0.411815969,0.393303054,0.753315209,0.752706045,0.725838674,0.402755239,0.402429554,0.390741298,0.502193332,0.501571721,0.480592631,0.432809747,0.433476813,0.431968744,0.261491791,0.261894814,0.252773738,0.26765975,0.268164222,0.259515059,0.601950187,0.601301859,0.577742374,0.313778722,0.313440768,0.304954809,0.327061717,0.326610914,0.317111763,9.147605695,3.003181715,11.05816588,6.133802744,74.23371095,12.68244354,13.08384551,39.921928,34.74370933,25.33436266,76886,2820023,36.67797779,2116700.189,27.53037209,76685,2814927,36.70766121,2113442.857,27.56005552,47928,1868367,38.98278668,1429940.554,29.83518099,78294,2303054,29.41545968,2067922.891,26.41227796,78039,2298398,29.45191507,2064032.702,26.44873335,48544,1538582,31.69458635,1392795.547,28.69140464,55282,1527446,27.63007851,916128.4736,16.57191262,55282,1527446,27.63007851,916128.4736,16.57191262,35835,1013959,28.29521418,617689.6256,17.23704829,64074,946517,14.77224771,553499.723,8.63844497,64074,946517,14.77224771,553499.723,8.63844497,39727,605129,15.23218466,361451.4184,9.098381916
2023-02-13_E16,hZRS_THH,0.696209599,0.73240675,0.74786779,0.45854522,0.478430451,0.48730888,0.552092313,0.574544058,0.583600342,0.837369024,0.825018821,0.836004267,0.503417518,0.498794184,0.512516119,0.613094986,0.60393528,0.617776371,0.612636718,0.64329732,0.663285449,0.415569887,0.433561035,0.447687315,0.426195535,0.44564867,0.460536355,0.73685139,0.724641597,0.741453867,0.456236706,0.452014963,0.470845031,0.473287419,0.468446154,0.487505674,9.650720154,3.280192662,11.34872111,6.392038988,78.78329312,10.53430984,10.68239704,40.16065594,39.15389908,20.68544498,100353,4230634,42.15752394,3262155.28,32.50680379,89306,3875023,43.3903993,3013155.786,33.73967915,60488,2682545,44.34838315,2098792.239,34.697663,101508,3513791,34.61590219,3180825.203,31.33570953,90042,3226783,35.83642078,2931427.892,32.55622812,60881,2239937,36.79205335,2040235.591,33.51186069,83436,2945408,35.30140467,1998516.106,23.95268356,79281,2838093,35.79789609,1938355.042,24.44917499,54111,2006189,37.07543753,1392098.352,25.72671642,91408,1939937,21.22283608,1355653.5,14.83079709,85660,1853929,21.64287882,1306386.94,15.25083984,57513,1307228,22.72926121,939602.6617,16.33722222
2023-02-13_E18,hZRS_THH,0.634493594,0.628515962,0.612263273,0.377565863,0.362554933,0.364329616,0.496227661,0.461697187,0.467915881,0.694453256,0.683077716,0.698554449,0.389875477,0.379572901,0.391975161,0.495844394,0.477736684,0.494907332,0.431992001,0.44246001,0.433924104,0.259786656,0.255082282,0.260496503,0.272990363,0.265073939,0.271290896,0.472815257,0.480870163,0.495080509,0.268256366,0.267055591,0.280263131,0.272779516,0.274282686,0.286940152,9.141749271,3.001671047,11.05528423,6.146881402,74.29954718,12.53131455,13.16913827,39.31220072,34.46570605,26.22209323,139042,4223822,30.37802966,2952734.898,21.23628039,92518,3046890,32.93294278,2201113.641,23.79119351,34057,1092873,32.08952638,781532.4451,22.94777711,134548,3213789,23.8858177,2809920.164,20.88414665,91440,2392618,26.16598863,2118145.199,23.16431758,33481,850935,25.41545951,750436.0517,22.41378847,127037,2679988,21.0961216,1275557.857,10.04083737,85128,1915019,22.49575933,973904.7638,11.44047509,29850,669126,22.41628141,339125.7656,11.36099717,134652,1594771,11.84364881,767081.1254,5.696767411,88370,1104665,12.50045264,561465.0905,6.35357124,31655,398166,12.57829727,203586.4692,6.431415865
2023-02-13_E19,hZRS_THH,0.614620403,0.660258396,0.647188863,0.373978597,0.401395684,0.407695965,0.441018007,0.472715731,0.483790199,0.768265135,0.766746568,0.779591515,0.443470966,0.444541553,0.464627379,0.526785918,0.526483789,0.554920944,0.540990504,0.582654127,0.566811599,0.334244765,0.360158023,0.367991024,0.344249878,0.371509587,0.377462929,0.676229003,0.676626084,0.682770576,0.39635383,0.398871271,0.419377967,0.411198603,0.413766165,0.43296058,9.951063676,3.682444178,11.1851551,6.225332657,82.55912221,8.651453757,8.789424036,43.42965971,37.37443468,19.19590562,148193,7174809,48.41530302,5700131.021,38.46423934,116004,5730667,49.40059826,4576303.809,39.44953458,49065,2225114,45.35033119,1736865.061,35.39926752,149275,6084162,40.75807737,5534465.145,37.0756332,116659,4866064,41.71186107,4436473.745,38.02941689,49383,1875131,37.97118442,1693280.859,34.28874024,118556,4409784,37.19578933,3083716.752,26.01063423,99893,3783721,37.87773918,2666402.301,26.69258408,40732,1440069,35.35473338,984475.2624,24.16957828,124971,2683225,21.47078122,1905238.952,15.24544856,104745,2300265,21.96061865,1648192.531,15.73528599,43053,907170,21.0710055,639150.7531,14.84567285
2023-02-13_E20,hZRS_THH,0.478728995,0.532897781,0.540547352,0.264994987,0.2807671,0.301916474,0.315707296,0.332023684,0.358605579,0.665089372,0.63743535,0.658959776,0.330890001,0.32275871,0.340221967,0.398594348,0.383462521,0.406377563,0.380122302,0.424007662,0.432306953,0.196528387,0.211904038,0.231702475,0.202686296,0.219522048,0.23960611,0.528096911,0.507184458,0.527008211,0.245398144,0.243596467,0.261099603,0.255900365,0.253531545,0.271525467,9.213030027,3.03559899,11.03273286,6.109678621,81.65185967,9.025607792,9.322532539,45.96940752,32.03030786,22.00028463,133064,5990502,45.0197048,4764579.372,35.80667478,96209,4697794,48.82904926,3811417.594,39.61601923,75522,3535607,46.81559016,2839820.546,37.60256013,134543,5028243,37.37275815,4619824.405,34.33715916,96658,3972566,41.0991951,3679151.073,38.06359611,75947,2976691,39.19431972,2746146.363,36.15872073,95779,2867827,29.94212719,1811122.879,18.90939433,80431,2503444,31.12536211,1616070.263,20.09262925,61951,1911163,30.84959081,1227674.167,19.81685795,106565,1587453,14.89657017,936375.0978,8.786891547,83692,1318986,15.76000096,807654.7769,9.650322335,67019,1067458,15.92769215,657993.4485,9.818013526
